name,slug,image
Sweet Bonanza 1000,pragmatic-play-sweet-bonanza-1000,pragmatic-play-sweet-bonanza-1000.jpg
Gates of Olympus 1000,pragmatic-play-gates-of-olympus-1000,pragmatic-play-gates-of-olympus-1000.jpg
Gates of Olympus Xmas 1000,pragmatic-play-gates-of-olympus-xmas-1000,pragmatic-play-gates-of-olympus-xmas-1000.jpg
Sugar Rush 1000,pragmatic-play-sugar-rush-1000,pragmatic-play-sugar-rush-1000.jpg
Zeus vs Hades: Gods of War,pragmatic-play-zeus-vs-hades-gods-of-war,pragmatic-play-zeus-vs-hades-gods-of-war.jpg
Sweet Bonanza,pragmatic-play-sweet-bonanza,pragmatic-play-sweet-bonanza.jpg
Gates of Olympus,pragmatic-play-gates-of-olympus,pragmatic-play-gates-of-olympus.jpg
Fire Portals,pragmatic-play-fire-portals,pragmatic-play-fire-portals.jpg
Sugar Rush,pragmatic-play-sugar-rush,pragmatic-play-sugar-rush.jpg
Fruit Party,pragmatic-play-fruit-party,pragmatic-play-fruit-party.jpg
Sweet Fiesta Enhanced RTP,pragmatic-play-sweet-fiesta,pragmatic-play-sweet-fiesta.jpg
The Dog House,pragmatic-play-the-dog-house,pragmatic-play-the-dog-house.jpg
Big Bass Splash,pragmatic-play-big-bass-splash,pragmatic-play-big-bass-splash.jpg
Gates of Heaven Enhanced RTP,pragmatic-play-gates-of-heaven,pragmatic-play-gates-of-heaven.jpg
Sugar Twist Enhanced RTP,pragmatic-play-sugar-twist,pragmatic-play-sugar-twist.jpg
The Dog House - Dog or Alive,pragmatic-play-the-dog-house-dog-or-alive,pragmatic-play-the-dog-house-dog-or-alive.jpg
The Dog Mansion Megaways Enhanced RTP,pragmatic-play-the-dog-mansion-megaways,pragmatic-play-the-dog-mansion-megaways.jpg
Slushie Party Enhanced RTP,pragmatic-play-slushie-party,pragmatic-play-slushie-party.jpg
Jewel Bonanza Enhanced RTP,pragmatic-play-jewel-bonanza,pragmatic-play-jewel-bonanza.jpg
Starlight Princess,pragmatic-play-starlight-princess,pragmatic-play-starlight-princess.jpg
The Dog House Megaways,pragmatic-play-the-dog-house-megaways,pragmatic-play-the-dog-house-megaways.jpg
Candy Blitz,pragmatic-play-candy-blitz,pragmatic-play-candy-blitz.jpg
Floating Dragon,pragmatic-play-floating-dragon,pragmatic-play-floating-dragon.jpg
Gorilla Mayhem,pragmatic-play-gorilla-mayhem,pragmatic-play-gorilla-mayhem.jpg
The Hand of Midas,pragmatic-play-the-hand-of-midas,pragmatic-play-the-hand-of-midas.jpg
Fruit Party 2,pragmatic-play-fruit-party-2,pragmatic-play-fruit-party-2.jpg
Bison Spirit Enhanced RTP,pragmatic-play-bison-spirit,pragmatic-play-bison-spirit.jpg
Book of the Fallen,pragmatic-play-book-of-fallen,pragmatic-play-book-of-fallen.jpg
Lucky Phoenix Megaways Enhanced RTP,pragmatic-play-lucky-phoenix-megaways,pragmatic-play-lucky-phoenix-megaways.jpg
Buffalo King Megaways,pragmatic-play-buffalo-king-megaways,pragmatic-play-buffalo-king-megaways.jpg
Big Bass Bonanza,pragmatic-play-big-bass-bonanza,pragmatic-play-big-bass-bonanza.jpg
Madame Destiny Megaways,pragmatic-play-madame-destiny-megaways,pragmatic-play-madame-destiny-megaways.jpg
Christmas Big Bass Bonanza,pragmatic-play-christmas-big-bass-bonanza,pragmatic-play-christmas-big-bass-bonanza.jpg
Gems Bonanza,pragmatic-play-gems-bonanza,pragmatic-play-gems-bonanza.jpg
Bigger Bass Bonanza,pragmatic-play-bigger-bass-bonanza,pragmatic-play-bigger-bass-bonanza.jpg
Sweet Bonanza Xmas,pragmatic-play-sweet-bonanza-xmas,pragmatic-play-sweet-bonanza-xmas.jpg
Wild West Gold,pragmatic-play-wild-west-gold,pragmatic-play-wild-west-gold.jpg
Big Bass Bonanza Megaways,pragmatic-play-big-bass-bonanza-megaways,pragmatic-play-big-bass-bonanza-megaways.jpg
3 Genie Wishes,pragmatic-play-3-genie-wishes,pragmatic-play-3-genie-wishes.jpg
3 Kingdoms - Battle of Red Cliffs,pragmatic-play-3-kingdoms-battle-of-red-cliffs,pragmatic-play-3-kingdoms-battle-of-red-cliffs.jpg
5 Lions Dance,pragmatic-play-5-lions-dance,pragmatic-play-5-lions-dance.jpg
5 Lions Gold,pragmatic-play-5-lions-gold,pragmatic-play-5-lions-gold.jpg
Money Mouse,pragmatic-play-money-mouse,pragmatic-play-money-mouse.jpg
5 Lions Megaways,pragmatic-play-5-lions-megaways,pragmatic-play-5-lions-megaways.jpg
7 Monkeys,pragmatic-play-7-monkeys,pragmatic-play-7-monkeys.jpg
Monkey Madness,pragmatic-play-monkey-madness,pragmatic-play-monkey-madness.jpg
7 Piggies,pragmatic-play-7-piggies,pragmatic-play-7-piggies.jpg
Aladdin and the Sorcerer,pragmatic-play-aladdin-and-the-sorcerer,pragmatic-play-aladdin-and-the-sorcerer.jpg
Ancient Egypt,pragmatic-play-ancient-egypt,pragmatic-play-ancient-egypt.jpg
Ancient Egypt Classic,pragmatic-play-ancient-egypt-classic,pragmatic-play-ancient-egypt-classic.jpg
Asgard,pragmatic-play-asgard,pragmatic-play-asgard.jpg
Aztec Bonanza,pragmatic-play-aztec-bonanza,pragmatic-play-aztec-bonanza.jpg
Aztec Gems,pragmatic-play-aztec-gems,pragmatic-play-aztec-gems.jpg
Big Juan,pragmatic-play-big-juan,pragmatic-play-big-juan.jpg
Monkey Warrior,pragmatic-play-monkey-warrior,pragmatic-play-monkey-warrior.jpg
8 Dragons,pragmatic-play-8-dragons,pragmatic-play-8-dragons.jpg
Mustang Gold,pragmatic-play-mustang-gold,pragmatic-play-mustang-gold.jpg
Mysterious,pragmatic-play-mysterious,pragmatic-play-mysterious.jpg
Mysterious Egypt,pragmatic-play-mysterious-egypt,pragmatic-play-mysterious-egypt.jpg
Mystic Chief,pragmatic-play-mystic-chief,pragmatic-play-mystic-chief.jpg
Panda's Fortune,pragmatic-play-pandas-fortune,pragmatic-play-pandas-fortune.jpg
Panda Fortune 2,pragmatic-play-panda-fortune-2,pragmatic-play-panda-fortune-2.jpg
Panther Queen,pragmatic-play-panther-queen,pragmatic-play-panther-queen.jpg
Peking Luck,pragmatic-play-peking-luck,pragmatic-play-peking-luck.jpg
Phoenix Forge,pragmatic-play-phoenix-forge,pragmatic-play-phoenix-forge.jpg
Piggy Bank Bills,pragmatic-play-piggy-bank-bills,pragmatic-play-piggy-bank-bills.jpg
Pirate Gold,pragmatic-play-pirate-gold,pragmatic-play-pirate-gold.jpg
Pirate Gold Deluxe,pragmatic-play-pirate-gold-deluxe,pragmatic-play-pirate-gold-deluxe.jpg
Wild Pixies,pragmatic-play-wild-pixies,pragmatic-play-wild-pixies.jpg
Power of Thor Megaways,pragmatic-play-power-of-thor-megaways,pragmatic-play-power-of-thor-megaways.jpg
Pyramid King,pragmatic-play-pyramid-king,pragmatic-play-pyramid-king.jpg
Release the Kraken,pragmatic-play-release-the-kraken,pragmatic-play-release-the-kraken.jpg
Rise of Giza PowerNudge,pragmatic-play-rise-of-giza-powernudge,pragmatic-play-rise-of-giza-powernudge.jpg
Santa,pragmatic-play-santa,pragmatic-play-santa.jpg
Santa's Wonderland,pragmatic-play-santa-s-wonderland,pragmatic-play-santa-s-wonderland.jpg
Smugglers Cove,pragmatic-play-smugglers-cove,pragmatic-play-smugglers-cove.jpg
Spartan King,pragmatic-play-spartan-king,pragmatic-play-spartan-king.jpg
Star Bounty,pragmatic-play-star-bounty,pragmatic-play-star-bounty.jpg
Star Pirates Code,pragmatic-play-star-pirates-code,pragmatic-play-star-pirates-code.jpg
Starz Megaways,pragmatic-play-starz-megaways,pragmatic-play-starz-megaways.jpg
Street Racer,pragmatic-play-street-racer,pragmatic-play-street-racer.jpg
Super 7s ,pragmatic-play-super-7s,pragmatic-play-super-7s.jpg
Super Joker,pragmatic-play-super-joker,pragmatic-play-super-joker.jpg
Super X,pragmatic-play-super-x,pragmatic-play-super-x.jpg
Temujin Treasures,pragmatic-play-temujin-treasures,pragmatic-play-temujin-treasures.jpg
Amazing Money Machine,pragmatic-play-amazing-money-machine,pragmatic-play-amazing-money-machine.jpg
Egyptian Fortunes,pragmatic-play-egyptian-fortunes,pragmatic-play-egyptian-fortunes.jpg
The Champions,pragmatic-play-the-champions,pragmatic-play-the-champions.jpg
Emerald King,pragmatic-play-emerald-king,pragmatic-play-emerald-king.jpg
The Great Chicken Escape,pragmatic-play-the-great-chicken-escape,pragmatic-play-the-great-chicken-escape.jpg
Emerald King Rainbow Road,pragmatic-play-emerald-king-rainbow-road,pragmatic-play-emerald-king-rainbow-road.jpg
The Magic Cauldron,pragmatic-play-the-magic-cauldron,pragmatic-play-the-magic-cauldron.jpg
The Wild Machine,pragmatic-play-the-wild-machine,pragmatic-play-the-wild-machine.jpg
Treasure Horse,pragmatic-play-treasure-horse,pragmatic-play-treasure-horse.jpg
Treasure Wild,pragmatic-play-treasure-wild,pragmatic-play-treasure-wild.jpg
Tree of Riches,pragmatic-play-tree-of-riches,pragmatic-play-tree-of-riches.jpg
Triple Dragons,pragmatic-play-triple-dragons,pragmatic-play-triple-dragons.jpg
Triple Jokers,pragmatic-play-triple-jokers,pragmatic-play-triple-jokers.jpg
Empty the Bank,pragmatic-play-empty-the-bank,pragmatic-play-empty-the-bank.jpg
Ultra Burn,pragmatic-play-ultra-burn,pragmatic-play-ultra-burn.jpg
Extra Juicy,pragmatic-play-extra-juicy,pragmatic-play-extra-juicy.jpg
Ultra Hold and Spin,pragmatic-play-ultra-hold-and-spin,pragmatic-play-ultra-hold-and-spin.jpg
Vampires vs Wolves,pragmatic-play-vampires-vs-wolves,pragmatic-play-vampires-vs-wolves.jpg
Eye of the Storm,pragmatic-play-eye-of-the-storm,pragmatic-play-eye-of-the-storm.jpg
Fairytale Fortune,pragmatic-play-fairytale-fortune,pragmatic-play-fairytale-fortune.jpg
Fire 88,pragmatic-play-fire-88,pragmatic-play-fire-88.jpg
Fishin Reels,pragmatic-play-fishin-reels,pragmatic-play-fishin-reels.jpg
Vegas Magic,pragmatic-play-vegas-magic,pragmatic-play-vegas-magic.jpg
Vegas Nights,pragmatic-play-vegas-nights,pragmatic-play-vegas-nights.jpg
Voodoo Magic,pragmatic-play-voodoo-magic,pragmatic-play-voodoo-magic.jpg
Wild Booster,pragmatic-play-wild-booster,pragmatic-play-wild-booster.jpg
Wild Depths,pragmatic-play-wild-depths,pragmatic-play-wild-depths.jpg
Aztec Gems Deluxe,pragmatic-play-aztec-gems-deluxe,pragmatic-play-aztec-gems-deluxe.jpg
Wild Spells,pragmatic-play-wild-spells,pragmatic-play-wild-spells.jpg
Wild Walker,pragmatic-play-wild-walker,pragmatic-play-wild-walker.jpg
Wild Wild Riches,pragmatic-play-wild-wild-riches,pragmatic-play-wild-wild-riches.jpg
Wolf Gold,pragmatic-play-wolf-gold,pragmatic-play-wolf-gold.jpg
Yum Yum Powerways,pragmatic-play-yum-yum-powerways,pragmatic-play-yum-yum-powerways.jpg
Queen of Atlantis,pragmatic-play-queen-of-atlantis,pragmatic-play-queen-of-atlantis.jpg
Fruit Rainbow,pragmatic-play-fruit-rainbow,pragmatic-play-fruit-rainbow.jpg
Return of the Dead,pragmatic-play-return-of-the-dead,pragmatic-play-return-of-the-dead.jpg
Gold Train,pragmatic-play-gold-train,pragmatic-play-gold-train.jpg
Great Rhino,pragmatic-play-great-rhino,pragmatic-play-great-rhino.jpg
Great Rhino Deluxe,pragmatic-play-great-rhino-deluxe,pragmatic-play-great-rhino-deluxe.jpg
Great Rhino Megaways,pragmatic-play-great-rhino-megaways,pragmatic-play-great-rhino-megaways.jpg
Greek Gods,pragmatic-play-greek-gods,pragmatic-play-greek-gods.jpg
Heart of Rio,pragmatic-play-heart-of-rio,pragmatic-play-heart-of-rio.jpg
Hercules and Pegasus,pragmatic-play-hercules-and-pegasus,pragmatic-play-hercules-and-pegasus.jpg
Hercules Son of Zeus,pragmatic-play-hercules-son-of-zeus,pragmatic-play-hercules-son-of-zeus.jpg
Honey Honey Honey,pragmatic-play-honey-honey-honey,pragmatic-play-honey-honey-honey.jpg
Hot Chilli,pragmatic-play-hot-chilli,pragmatic-play-hot-chilli.jpg
Hot Safari,pragmatic-play-hot-safari,pragmatic-play-hot-safari.jpg
Hot to Burn,pragmatic-play-hot-to-burn,pragmatic-play-hot-to-burn.jpg
Hot to Burn Hold and Spin,pragmatic-play-hot-to-burn-hold-and-spin,pragmatic-play-hot-to-burn-hold-and-spin.jpg
Jade Butterfly,pragmatic-play-jade-butterfly,pragmatic-play-jade-butterfly.jpg
John Hunter And The Mayan Gods,pragmatic-play-john-hunter-and-the-mayan-gods,pragmatic-play-john-hunter-and-the-mayan-gods.jpg
John Hunter and the Quest for Bermuda Riches,pragmatic-play-bermuda-riches,pragmatic-play-bermuda-riches.jpg
Book of Tut,pragmatic-play-book-of-tut,pragmatic-play-book-of-tut.jpg
John Hunter and the Tomb of the Scarab Queen,pragmatic-play-john-hunter-and-the-tomb-of-the-scarab-queen,pragmatic-play-john-hunter-and-the-tomb-of-the-scarab-queen.jpg
Joker King,pragmatic-play-joker-king,pragmatic-play-joker-king.jpg
Journey to the West,pragmatic-play-journey-to-the-west,pragmatic-play-journey-to-the-west.jpg
Juicy Fruits,pragmatic-play-juicy-fruits,pragmatic-play-juicy-fruits.jpg
Jungle Gorilla,pragmatic-play-jungle-gorilla,pragmatic-play-jungle-gorilla.jpg
Jurassic Giants,pragmatic-play-jurassic-giants,pragmatic-play-jurassic-giants.jpg
Lady Godiva,pragmatic-play-lady-godiva,pragmatic-play-lady-godiva.jpg
Leprechaun Carol,pragmatic-play-leprechaun-carol,pragmatic-play-leprechaun-carol.jpg
Leprechaun Song,pragmatic-play-leprechaun-song,pragmatic-play-leprechaun-song.jpg
Lucky Dragons,pragmatic-play-lucky-dragons,pragmatic-play-lucky-dragons.jpg
"Lucky, Grace & Charm",pragmatic-play-lucky-grace-charm,pragmatic-play-lucky-grace-charm.jpg
Lucky Lightning,pragmatic-play-lucky-lightning,pragmatic-play-lucky-lightning.jpg
Lucky New Year,pragmatic-play-lucky-new-year,pragmatic-play-lucky-new-year.jpg
Madame Destiny,pragmatic-play-madame-destiny,pragmatic-play-madame-destiny.jpg
Magic Crystals,pragmatic-play-magic-crystals,pragmatic-play-magic-crystals.jpg
Magician's Secrets,pragmatic-play-magician-s-secrets,pragmatic-play-magician-s-secrets.jpg
Magic Journey,pragmatic-play-magic-journey,pragmatic-play-magic-journey.jpg
Master Chen's Fortune,pragmatic-play-master-chen-s-fortune,pragmatic-play-master-chen-s-fortune.jpg
Master Joker,pragmatic-play-master-joker,pragmatic-play-master-joker.jpg
Mighty Kong,pragmatic-play-mighty-kong,pragmatic-play-mighty-kong.jpg
Fire Strike,pragmatic-play-fire-strike,pragmatic-play-fire-strike.jpg
Gold Party,pragmatic-play-gold-party,pragmatic-play-gold-party.jpg
Book Of Kingdoms,pragmatic-play-book-of-kingdoms,pragmatic-play-book-of-kingdoms.jpg
Gold Rush,pragmatic-play-gold-rush,pragmatic-play-gold-rush.jpg
Book of Vikings,pragmatic-play-book-of-vikings,pragmatic-play-book-of-vikings.jpg
Bounty Gold,pragmatic-play-bounty-gold,pragmatic-play-bounty-gold.jpg
Buffalo King,pragmatic-play-buffalo-king,pragmatic-play-buffalo-king.jpg
Caishen's Cash,pragmatic-play-caishen-s-cash,pragmatic-play-caishen-s-cash.jpg
Caishen's Gold,pragmatic-play-caishen-s-gold,pragmatic-play-caishen-s-gold.jpg
Cash Bonanza,pragmatic-play-cash-bonanza,pragmatic-play-cash-bonanza.jpg
Cash Elevator,pragmatic-play-cash-elevator,pragmatic-play-cash-elevator.jpg
Chicken Drop,pragmatic-play-chicken-drop,pragmatic-play-chicken-drop.jpg
Chilli Heat,pragmatic-play-chilli-heat,pragmatic-play-chilli-heat.jpg
Chilli Heat Megaways,pragmatic-play-chilli-heat-megaways,pragmatic-play-chilli-heat-megaways.jpg
Christmas Carol Megaways,pragmatic-play-christmas-carol-megaways,pragmatic-play-christmas-carol-megaways.jpg
Congo Cash,pragmatic-play-congo-cash,pragmatic-play-congo-cash.jpg
Cowboys Gold,pragmatic-play-cowboys-gold,pragmatic-play-cowboys-gold.jpg
Crystal Caverns Megaways,pragmatic-play-crystal-caverns-megaways,pragmatic-play-crystal-caverns-megaways.jpg
Curse of the Werewolf Megaways,pragmatic-play-curse-of-the-werewolf-megaways,pragmatic-play-curse-of-the-werewolf-megaways.jpg
Dance Party,pragmatic-play-dance-party,pragmatic-play-dance-party.jpg
Da Vinci's Treasure,pragmatic-play-da-vinci-s-treasure,pragmatic-play-da-vinci-s-treasure.jpg
Day of Dead,pragmatic-play-day-of-dead,pragmatic-play-day-of-dead.jpg
Diamond Strike,pragmatic-play-diamond-strike,pragmatic-play-diamond-strike.jpg
Drago - Jewels of Fortune,pragmatic-play-drago-jewels-of-fortune,pragmatic-play-drago-jewels-of-fortune.jpg
Dragon Hot Hold & Spin,pragmatic-play-dragon-hot-hold-spin,pragmatic-play-dragon-hot-hold-spin.jpg
The Dragon Tiger,pragmatic-play-the-dragon-tiger,pragmatic-play-the-dragon-tiger.jpg
Wild Gladiators,pragmatic-play-wild-gladiators,pragmatic-play-wild-gladiators.jpg
John Hunter and the Aztec Treasure,pragmatic-play-aztec-treasure,pragmatic-play-aztec-treasure.jpg
Joker's Jewels,pragmatic-play-jokers-jewels,pragmatic-play-jokers-jewels.jpg
Pixie Wings,pragmatic-play-pixie-wings,pragmatic-play-pixie-wings.jpg
Dragon Kingdom,pragmatic-play-dragon-kingdom,pragmatic-play-dragon-kingdom.jpg
Dwarven Gold Deluxe,pragmatic-play-dwarven-gold-deluxe,pragmatic-play-dwarven-gold-deluxe.jpg
Rock Vegas,pragmatic-play-rock-vegas,pragmatic-play-rock-vegas.jpg
Safari King,pragmatic-play-safari-king,pragmatic-play-safari-king.jpg
Gates of Valhalla,pragmatic-play-gates-of-valhalla,pragmatic-play-gates-of-valhalla.jpg
Triple Tigers,pragmatic-play-triple-tigers,pragmatic-play-triple-tigers.jpg
Aladdin's Treasure,pragmatic-play-aladdins-treasure,pragmatic-play-aladdins-treasure.jpg
888 Dragons,pragmatic-play-888-dragons,pragmatic-play-888-dragons.jpg
Dwarven Gold,pragmatic-play-dwarven-gold,pragmatic-play-dwarven-gold.jpg
Romeo and Juliet,pragmatic-play-romeo-and-juliet,pragmatic-play-romeo-and-juliet.jpg
Tales of Egypt,pragmatic-play-tales-of-egypt,pragmatic-play-tales-of-egypt.jpg
The Catfather,pragmatic-play-the-catfather,pragmatic-play-the-catfather.jpg
The Catfather Part II,pragmatic-play-the-catfather-part-ii,pragmatic-play-the-catfather-part-ii.jpg
Hockey League,pragmatic-play-hockey-league,pragmatic-play-hockey-league.jpg
Hockey League Wild Match,pragmatic-play-hockey-league-wild-match,pragmatic-play-hockey-league-wild-match.jpg
Colossal Cash Zone,pragmatic-play-colossal-cash-zone,pragmatic-play-colossal-cash-zone.jpg
The Ultimate 5,pragmatic-play-the-ultimate-5,pragmatic-play-the-ultimate-5.jpg
Elemental Gems Megaways,pragmatic-play-elemental-gems-megaways,pragmatic-play-elemental-gems-megaways.jpg
Might of Ra,pragmatic-play-might-of-ra,pragmatic-play-might-of-ra.jpg
Snakes and Ladders Megadice,pragmatic-play-snakes-and-ladders-megadice,pragmatic-play-snakes-and-ladders-megadice.jpg
Extra Juicy Megaways,pragmatic-play-extra-juicy-megaways,pragmatic-play-extra-juicy-megaways.jpg
Queenie,pragmatic-play-queenie,pragmatic-play-queenie.jpg
Rainbow Gold,pragmatic-play-rainbow-gold,pragmatic-play-rainbow-gold.jpg
Tic Tac Take,pragmatic-play-tic-tac-take,pragmatic-play-tic-tac-take.jpg
Barn Festival,pragmatic-play-barn-festival,pragmatic-play-barn-festival.jpg
Drill That Gold,pragmatic-play-drill-that-gold,pragmatic-play-drill-that-gold.jpg
Chicken Chase,pragmatic-play-chicken-chase,pragmatic-play-chicken-chase.jpg
Clover Gold,pragmatic-play-clover-gold,pragmatic-play-clover-gold.jpg
Eye of Cleopatra,pragmatic-play-eye-of-cleopatra,pragmatic-play-eye-of-cleopatra.jpg
North Guardians,pragmatic-play-north-guardians,pragmatic-play-north-guardians.jpg
Spirit of Adventure,pragmatic-play-spirit-of-adventure,pragmatic-play-spirit-of-adventure.jpg
Fire Strike 2,pragmatic-play-fire-strike-2,pragmatic-play-fire-strike-2.jpg
Goblin Heist Powernudge,pragmatic-play-goblin-heist-powernudge,pragmatic-play-goblin-heist-powernudge.jpg
The Great Stick-up,pragmatic-play-the-great-stick-up,pragmatic-play-the-great-stick-up.jpg
Little Gem Hold and Spin,pragmatic-play-little-gem-hold-and-spin,pragmatic-play-little-gem-hold-and-spin.jpg
Cleocatra,pragmatic-play-cleocatra,pragmatic-play-cleocatra.jpg
Wild West Gold Megaways,pragmatic-play-wild-west-gold-megaways,pragmatic-play-wild-west-gold-megaways.jpg
Zombie Carnival,pragmatic-play-zombie-carnival,pragmatic-play-zombie-carnival.jpg
Fortune of Giza,pragmatic-play-fortune-of-giza,pragmatic-play-fortune-of-giza.jpg
Queen of Gods,pragmatic-play-queen-of-gods,pragmatic-play-queen-of-gods.jpg
Cash Patrol,pragmatic-play-cash-patrol,pragmatic-play-cash-patrol.jpg
Bomb Bonanza,pragmatic-play-bomb-bonanza,pragmatic-play-bomb-bonanza.jpg
Cosmic Cash,pragmatic-play-cosmic-cash,pragmatic-play-cosmic-cash.jpg
Shining Hot 5,pragmatic-play-shining-hot-5,pragmatic-play-shining-hot-5.jpg
Shining Hot 20,pragmatic-play-shining-hot-20,pragmatic-play-shining-hot-20.jpg
Three Star Fortune,pragmatic-play-three-star-fortune,pragmatic-play-three-star-fortune.jpg
Tropical Tiki,pragmatic-play-tropical-tiki,pragmatic-play-tropical-tiki.jpg
Shining Hot 40,pragmatic-play-shining-hot-40,pragmatic-play-shining-hot-40.jpg
Shining Hot 100,pragmatic-play-shining-hot-100,pragmatic-play-shining-hot-100.jpg
Irish Charms,pragmatic-play-irish-charms,pragmatic-play-irish-charms.jpg
Disco Lady,pragmatic-play-disco-lady,pragmatic-play-disco-lady.jpg
Koi Pond,pragmatic-play-koi-pond,pragmatic-play-koi-pond.jpg
Rise of Samurai 3,pragmatic-play-rise-of-samurai-3,pragmatic-play-rise-of-samurai-3.jpg
Aztec King,pragmatic-play-aztec-king,pragmatic-play-aztec-king.jpg
Hockey Attack,pragmatic-play-hockey-attack,pragmatic-play-hockey-attack.jpg
Hokkaido Wolf,pragmatic-play-hokkaido-wolf,pragmatic-play-hokkaido-wolf.jpg
Aztec King Megaways,pragmatic-play-aztec-king-megaways,pragmatic-play-aztec-king-megaways.jpg
Lady of the Moon,pragmatic-play-lady-of-the-moon,pragmatic-play-lady-of-the-moon.jpg
Bonanza Gold,pragmatic-play-bonanza-gold,pragmatic-play-bonanza-gold.jpg
Busy Bees,pragmatic-play-busy-bees,pragmatic-play-busy-bees.jpg
Candy Village,pragmatic-play-candy-village,pragmatic-play-candy-village.jpg
Lucky Dragon Ball,pragmatic-play-lucky-dragon-ball,pragmatic-play-lucky-dragon-ball.jpg
Lucky New Year: Tiger Treasures,pragmatic-play-lucky-new-year-tiger-treasures,pragmatic-play-lucky-new-year-tiger-treasures.jpg
Emperor Caishen,pragmatic-play-emperor-caishen,pragmatic-play-emperor-caishen.jpg
Money Money Money,pragmatic-play-money-money-money,pragmatic-play-money-money-money.jpg
Fu Fu Fu,pragmatic-play-fu-fu-fu,pragmatic-play-fu-fu-fu.jpg
Money Roll,pragmatic-play-money-roll,pragmatic-play-money-roll.jpg
Glorious Rome,pragmatic-play-glorious-rome,pragmatic-play-glorious-rome.jpg
Golden Ox,pragmatic-play-golden-ox,pragmatic-play-golden-ox.jpg
Great Reef,pragmatic-play-great-reef,pragmatic-play-great-reef.jpg
Pyramid Bonanza,pragmatic-play-pyramid-bonanza,pragmatic-play-pyramid-bonanza.jpg
Raging Bull,pragmatic-play-raging-bull,pragmatic-play-raging-bull.jpg
Rise of Samurai,pragmatic-play-rise-of-samurai,pragmatic-play-rise-of-samurai.jpg
Rise of Samurai Megaways,pragmatic-play-rise-of-samurai-megaways,pragmatic-play-rise-of-samurai-megaways.jpg
The Tiger Warrior,pragmatic-play-the-tiger-warrior,pragmatic-play-the-tiger-warrior.jpg
The Tweety House,pragmatic-play-the-tweety-house,pragmatic-play-the-tweety-house.jpg
Golden Pig,pragmatic-play-golden-pig,pragmatic-play-golden-pig.jpg
Magic Money Maze,pragmatic-play-magic-money-maze,pragmatic-play-magic-money-maze.jpg
Greedy Wolf,pragmatic-play-greedy-wolf,pragmatic-play-greedy-wolf.jpg
Coffee Wild,pragmatic-play-coffee-wild,pragmatic-play-coffee-wild.jpg
Black Bull,pragmatic-play-black-bull,pragmatic-play-black-bull.jpg
Hot To Burn Extreme,pragmatic-play-hot-to-burn-extreme,pragmatic-play-hot-to-burn-extreme.jpg
Down the Rails,pragmatic-play-down-the-rails,pragmatic-play-down-the-rails.jpg
Fire Hot 5,pragmatic-play-fire-hot-5,pragmatic-play-fire-hot-5.jpg
Fire Hot 20,pragmatic-play-fire-hot-20,pragmatic-play-fire-hot-20.jpg
Fire Hot 40,pragmatic-play-fire-hot-40,pragmatic-play-fire-hot-40.jpg
Fire Hot 100,pragmatic-play-fire-hot-100,pragmatic-play-fire-hot-100.jpg
Octobeer Fortunes,pragmatic-play-octobeer-fortunes,pragmatic-play-octobeer-fortunes.jpg
Wild Hop & Drop,pragmatic-play-wild-hop-drop,pragmatic-play-wild-hop-drop.jpg
Happy Hooves,pragmatic-play-happy-hooves,pragmatic-play-happy-hooves.jpg
Striking Hot 5,pragmatic-play-striking-hot-5,pragmatic-play-striking-hot-5.jpg
Book of Golden Sands,pragmatic-play-book-of-golden-sands,pragmatic-play-book-of-golden-sands.jpg
Crown of Fire,pragmatic-play-crown-of-fire,pragmatic-play-crown-of-fire.jpg
Floating Dragon Hold & Spin Megaways,pragmatic-play-floating-dragon-hold-spin-megaways,pragmatic-play-floating-dragon-hold-spin-megaways.jpg
Aztec Blaze,pragmatic-play-aztec-blaze,pragmatic-play-aztec-blaze.jpg
Book Of Tut Respin,pragmatic-play-book-of-tut-respin,pragmatic-play-book-of-tut-respin.jpg
Pirate Golden Age,pragmatic-play-pirate-golden-age,pragmatic-play-pirate-golden-age.jpg
Firebird Spirit,pragmatic-play-firebird-spirit,pragmatic-play-firebird-spirit.jpg
Muertos Multiplier Megaways,pragmatic-play-muertos-multiplier-megaways,pragmatic-play-muertos-multiplier-megaways.jpg
Candy Stars,pragmatic-play-candy-stars,pragmatic-play-candy-stars.jpg
Big Bass Bonanza - Keeping it Reel,pragmatic-play-big-bass-bonanza-keeping-it-reel,pragmatic-play-big-bass-bonanza-keeping-it-reel.jpg
Sword of Ares,pragmatic-play-sword-of-ares,pragmatic-play-sword-of-ares.jpg
Release the Kraken 2,pragmatic-play-release-the-kraken-2,pragmatic-play-release-the-kraken-2.jpg
Spin & Score Megaways,pragmatic-play-spin-score-megaways,pragmatic-play-spin-score-megaways.jpg
Santa's Great Gifts,pragmatic-play-santas-great-gifts,pragmatic-play-santas-great-gifts.jpg
Old Gold Miner Megaways,pragmatic-play-old-gold-miner-megaways,pragmatic-play-old-gold-miner-megaways.jpg
Towering Fortunes,pragmatic-play-towering-fortunes,pragmatic-play-towering-fortunes.jpg
Shield Of Sparta,pragmatic-play-shield-of-sparta,pragmatic-play-shield-of-sparta.jpg
Gems of Serengeti,pragmatic-play-gems-of-serengeti,pragmatic-play-gems-of-serengeti.jpg
Snakes & Ladders - Snake Eyes,pragmatic-play-snakes-ladders-snake-eyes,pragmatic-play-snakes-ladders-snake-eyes.jpg
Fury of Odin Megaways,pragmatic-play-fury-of-odin-megaways,pragmatic-play-fury-of-odin-megaways.jpg
Bigger Bass Blizzard - Christmas Catch,pragmatic-play-bigger-bass-blizzard-christmas-catch,pragmatic-play-bigger-bass-blizzard-christmas-catch.jpg
Reel Banks,pragmatic-play-reel-banks,pragmatic-play-reel-banks.jpg
Hot Pepper,pragmatic-play-hot-pepper,pragmatic-play-hot-pepper.jpg
5 Lions,pragmatic-play-5-lions,pragmatic-play-5-lions.jpg
PIZZA! PIZZA? PIZZA!,pragmatic-play-pizza-pizza-pizza,pragmatic-play-pizza-pizza-pizza.jpg
Sweet Powernudge,pragmatic-play-sweet-powernudge,pragmatic-play-sweet-powernudge.jpg
Starlight Christmas,pragmatic-play-starlight-christmas,pragmatic-play-starlight-christmas.jpg
Gates of Gatot Kaca,pragmatic-play-gates-of-gatot-kaca,pragmatic-play-gates-of-gatot-kaca.jpg
Lucky Fishing Megaways,pragmatic-play-lucky-fishing-megaways,pragmatic-play-lucky-fishing-megaways.jpg
Dragon Hero,pragmatic-play-dragon-hero,pragmatic-play-dragon-hero.jpg
5 Rabbits Megaways,pragmatic-play-5-rabbits-megaways,pragmatic-play-5-rabbits-megaways.jpg
Wild Wild Bananas,pragmatic-play-wild-wild-bananas,pragmatic-play-wild-wild-bananas.jpg
Pinup Girls,pragmatic-play-pinup-girls,pragmatic-play-pinup-girls.jpg
Kingdom of Asgard,pragmatic-play-kingdom-of-asgard,pragmatic-play-kingdom-of-asgard.jpg
Secret City Gold,pragmatic-play-secret-city-gold,pragmatic-play-secret-city-gold.jpg
Mammoth Gold Megaways,pragmatic-play-mammoth-gold-megaways,pragmatic-play-mammoth-gold-megaways.jpg
Cheeky Emperor,pragmatic-play-cheeky-emperor,pragmatic-play-cheeky-emperor.jpg
Monster Superlanche,pragmatic-play-monster-superlanche,pragmatic-play-monster-superlanche.jpg
Fish Eye,pragmatic-play-fish-eye,pragmatic-play-fish-eye.jpg
The Dog House Dice Show,pragmatic-play-the-dog-house-dice-show,pragmatic-play-the-dog-house-dice-show.jpg
Fire Archer,pragmatic-play-fire-archer,pragmatic-play-fire-archer.jpg
Wildman Super Bonanza,pragmatic-play-wildman-super-bonanza,pragmatic-play-wildman-super-bonanza.jpg
Joker's Jewel Dice,pragmatic-play-jokers-jewel-dice,pragmatic-play-jokers-jewel-dice.jpg
Club Tropicana,pragmatic-play-club-tropicana,pragmatic-play-club-tropicana.jpg
Peak Power,pragmatic-play-peak-power,pragmatic-play-peak-power.jpg
Cowboy Coins,pragmatic-play-cowboy-coins,pragmatic-play-cowboy-coins.jpg
Mystery of the Orient,pragmatic-play-mystery-of-the-orient,pragmatic-play-mystery-of-the-orient.jpg
Sweet Bonanza Dice,pragmatic-play-sweet-bonanza-dice,pragmatic-play-sweet-bonanza-dice.jpg
Wild Wild Riches Megaways,pragmatic-play-wild-wild-riches-megaways,pragmatic-play-wild-wild-riches-megaways.jpg
The Dog House Multihold,pragmatic-play-the-dog-house-multihold,pragmatic-play-the-dog-house-multihold.jpg
Mochimon,pragmatic-play-mochimon,pragmatic-play-mochimon.jpg
Jasmine Dreams,pragmatic-play-jasmine-dreams,pragmatic-play-jasmine-dreams.jpg
Gates of Aztec,pragmatic-play-gates-of-aztec,pragmatic-play-gates-of-aztec.jpg
The Knight King,pragmatic-play-the-knight-king,pragmatic-play-the-knight-king.jpg
Rabbit Garden,pragmatic-play-rabbit-garden,pragmatic-play-rabbit-garden.jpg
Big Bass - Hold & Spinner,pragmatic-play-big-bass-hold-and-spinner,pragmatic-play-big-bass-hold-and-spinner.jpg
The Red Queen,pragmatic-play-the-red-queen,pragmatic-play-the-red-queen.jpg
Gods of Giza,pragmatic-play-gods-of-giza,pragmatic-play-gods-of-giza.jpg
African Elephant,pragmatic-play-african-elephant,pragmatic-play-african-elephant.jpg
Wild Celebrity Bus Megaways,pragmatic-play-wild-celebrity-bus-megaways,pragmatic-play-wild-celebrity-bus-megaways.jpg
Gatot Kaca's Fury,pragmatic-play-gatot-kacas-fury,pragmatic-play-gatot-kacas-fury.jpg
3 Dancing Monkeys,pragmatic-play-3-dancing-monkeys,pragmatic-play-3-dancing-monkeys.jpg
Jane Hunter and the Mask of Montezuma,pragmatic-play-jane-hunter-and-the-mask-of-montezuma,pragmatic-play-jane-hunter-and-the-mask-of-montezuma.jpg
Kingdom of the Dead,pragmatic-play-kingdom-of-the-dead,pragmatic-play-kingdom-of-the-dead.jpg
Excalibur Unleashed,pragmatic-play-excalibur-unleashed,pragmatic-play-excalibur-unleashed.jpg
Wild Bison Charge,pragmatic-play-wild-bison-charge,pragmatic-play-wild-bison-charge.jpg
Knight Hot Spotz,pragmatic-play-knight-hot-spotz,pragmatic-play-knight-hot-spotz.jpg
Diamonds of Egypt,pragmatic-play-diamonds-of-egypt,pragmatic-play-diamonds-of-egypt.jpg
Lamp Of Infinity,pragmatic-play-lamp-of-infinity,pragmatic-play-lamp-of-infinity.jpg
Wild West Bounty Enhanced RTP,pragmatic-play-wild-west-bounty,pragmatic-play-wild-west-bounty.jpg
Jewel Rush,pragmatic-play-jewel-rush,pragmatic-play-jewel-rush.jpg
Madame Mystique Megaways Enhanced RTP,pragmatic-play-madame-mystique-megaways,pragmatic-play-madame-mystique-megaways.jpg
Sticky Bees,pragmatic-play-sticky-bees,pragmatic-play-sticky-bees.jpg
Pirate's Pub,pragmatic-play-pirates-pub,pragmatic-play-pirates-pub.jpg
Floating Dragon - Dragon Boat Festival,pragmatic-play-floating-dragon-dragon-boat-festival,pragmatic-play-floating-dragon-dragon-boat-festival.jpg
Country Farming,pragmatic-play-country-farming,pragmatic-play-country-farming.jpg
Fat Panda,pragmatic-play-fat-panda,pragmatic-play-fat-panda.jpg
Holiday Ride,pragmatic-play-holiday-ride,pragmatic-play-holiday-ride.jpg
Heist for the Golden Nuggets,pragmatic-play-heist-for-the-golden-nuggets,pragmatic-play-heist-for-the-golden-nuggets.jpg
Big Bass Amazon Xtreme,pragmatic-play-big-bass-amazon-xtreme,pragmatic-play-big-bass-amazon-xtreme.jpg
Frogs & Bugs,pragmatic-play-frogs-bugs,pragmatic-play-frogs-bugs.jpg
Wisdom of Athena,pragmatic-play-wisdom-of-athena,pragmatic-play-wisdom-of-athena.jpg
Spellbinding Mystery,pragmatic-play-spellbinding-mystery,pragmatic-play-spellbinding-mystery.jpg
Robber Strike,pragmatic-play-robber-strike,pragmatic-play-robber-strike.jpg
Hellvis Wild,pragmatic-play-hellvis-wild,pragmatic-play-hellvis-wild.jpg
Power of Merlin Megaways,pragmatic-play-power-of-merlin-megaways,pragmatic-play-power-of-merlin-megaways.jpg
Book of Aztec King,pragmatic-play-book-of-aztec-king,pragmatic-play-book-of-aztec-king.jpg
Bull Fiesta,pragmatic-play-bull-fiesta,pragmatic-play-bull-fiesta.jpg
Cash Box,pragmatic-play-cash-box,pragmatic-play-cash-box.jpg
3 Buzzing Wilds,pragmatic-play-3-buzzing-wilds,pragmatic-play-3-buzzing-wilds.jpg
Lobster Bob's Crazy Crab Shack,pragmatic-play-lobster-bobs-crazy-crab-shack,pragmatic-play-lobster-bobs-crazy-crab-shack.jpg
Fruits of the Amazon,pragmatic-play-fruits-of-the-amazon,pragmatic-play-fruits-of-the-amazon.jpg
Joker Race,pragmatic-play-joker-race,pragmatic-play-joker-race.jpg
Sky Bounty,pragmatic-play-sky-bounty,pragmatic-play-sky-bounty.jpg
Diamond Cascade,pragmatic-play-diamond-cascade,pragmatic-play-diamond-cascade.jpg
Mahjong Panda,pragmatic-play-mahjong-panda,pragmatic-play-mahjong-panda.jpg
Rocket Blast Megaways,pragmatic-play-rocket-blast-megaways,pragmatic-play-rocket-blast-megaways.jpg
Starlight Princess 1000,pragmatic-play-starlight-princess-1000,pragmatic-play-starlight-princess-1000.jpg
Piggy Bankers,pragmatic-play-piggy-bankers,pragmatic-play-piggy-bankers.jpg
Pub Kings,pragmatic-play-pub-kings,pragmatic-play-pub-kings.jpg
Moonshot,pragmatic-play-moonshot,pragmatic-play-moonshot.jpg
Forge of Olympus,pragmatic-play-forge-of-olympus,pragmatic-play-forge-of-olympus.jpg
Mustang Trail,pragmatic-play-mustang-trail,pragmatic-play-mustang-trail.jpg
Frozen Tropics,pragmatic-play-frozen-tropics,pragmatic-play-frozen-tropics.jpg
Big Bass Hold & Spinner Megaways,pragmatic-play-big-bass-hold-spinner-megaways,pragmatic-play-big-bass-hold-spinner-megaways.jpg
Mahjong Wins,pragmatic-play-mahjong-wins,pragmatic-play-mahjong-wins.jpg
Cyclops Smash,pragmatic-play-cyclops-smash,pragmatic-play-cyclops-smash.jpg
Book of Tut Megaways,pragmatic-play-book-of-tut-megaways,pragmatic-play-book-of-tut-megaways.jpg
Fortunes of Aztec,pragmatic-play-fortunes-of-aztec,pragmatic-play-fortunes-of-aztec.jpg
8 Golden Dragon Challenge,pragmatic-play-8-golden-dragon-challenge,pragmatic-play-8-golden-dragon-challenge.jpg
Gold Oasis,pragmatic-play-gold-oasis,pragmatic-play-gold-oasis.jpg
Saiyan Mania,pragmatic-play-saiyan-mania,pragmatic-play-saiyan-mania.jpg
Rainbow Reels,pragmatic-play-rainbow-reels,pragmatic-play-rainbow-reels.jpg
Gravity Bonanza,pragmatic-play-gravity-bonanza,pragmatic-play-gravity-bonanza.jpg
Twilight Princess,pragmatic-play-twilight-princess,pragmatic-play-twilight-princess.jpg
Demon Pots,pragmatic-play-demon-pots,pragmatic-play-demon-pots.jpg
Cash Chips,pragmatic-play-cash-chips,pragmatic-play-cash-chips.jpg
Tundra's Fortune,pragmatic-play-tundras-fortune,pragmatic-play-tundras-fortune.jpg
Infective Wild,pragmatic-play-infective-wild,pragmatic-play-infective-wild.jpg
Big Bass Halloween,pragmatic-play-big-bass-halloween,pragmatic-play-big-bass-halloween.jpg
The Money Men Megaways,pragmatic-play-the-money-men-megaways,pragmatic-play-the-money-men-megaways.jpg
Viking Forge,pragmatic-play-viking-forge,pragmatic-play-viking-forge.jpg
The Wild Gang,pragmatic-play-the-wild-gang,pragmatic-play-the-wild-gang.jpg
Timber Stacks,pragmatic-play-timber-stacks,pragmatic-play-timber-stacks.jpg
Chase For Glory,pragmatic-play-chase-for-glory,pragmatic-play-chase-for-glory.jpg
Nile Fortune,pragmatic-play-nile-fortune,pragmatic-play-nile-fortune.jpg
Grace of Ebisu,pragmatic-play-grace-of-ebisu,pragmatic-play-grace-of-ebisu.jpg
Big Bass Christmas Bash,pragmatic-play-big-bass-christmas-bash,pragmatic-play-big-bass-christmas-bash.jpg
Supermania,pragmatic-play-supermania,pragmatic-play-supermania.jpg
5 Frozen Charms Megaways,pragmatic-play-5-frozen-charms-megaways,pragmatic-play-5-frozen-charms-megaways.jpg
Sugar Rush Xmas,pragmatic-play-sugar-rush-xmas,pragmatic-play-sugar-rush-xmas.jpg
Ding Dong Christmas Bells,pragmatic-play-ding-dong-christmas-bells,pragmatic-play-ding-dong-christmas-bells.jpg
Candy Jar Clusters,pragmatic-play-candy-jar-clusters,pragmatic-play-candy-jar-clusters.jpg
Floating Dragon New Year Festival Ultra Megaways Hold & Spin,pragmatic-play-floating-dragon-new-year-festival-ultra-megaways-hold-spin,pragmatic-play-floating-dragon-new-year-festival-ultra-megaways-hold-spin.jpg
Fire Stampede,pragmatic-play-fire-stampede,pragmatic-play-fire-stampede.jpg
Juicy Fruits Multihold,pragmatic-play-juicy-fruits-multihold,pragmatic-play-juicy-fruits-multihold.jpg
Blade & Fangs,pragmatic-play-blade-fangs,pragmatic-play-blade-fangs.jpg
The Big Dawgs,pragmatic-play-the-big-dawgs,pragmatic-play-the-big-dawgs.jpg
Castle of Fire,pragmatic-play-castle-of-fire,pragmatic-play-castle-of-fire.jpg
Year Of The Dragon King,pragmatic-play-year-of-the-dragon-king,pragmatic-play-year-of-the-dragon-king.jpg
Blazing Wilds Megaways,pragmatic-play-blazing-wilds-megaways,pragmatic-play-blazing-wilds-megaways.jpg
Good Luck & Good Fortune,pragmatic-play-good-luck-good-fortune,pragmatic-play-good-luck-good-fortune.jpg
Loki's Riches,pragmatic-play-lokis-riches,pragmatic-play-lokis-riches.jpg
The Alter Ego,pragmatic-play-the-alter-ego,pragmatic-play-the-alter-ego.jpg
Red Hot Luck,pragmatic-play-red-hot-luck,pragmatic-play-red-hot-luck.jpg
Trees of Treasure,pragmatic-play-trees-of-treasure,pragmatic-play-trees-of-treasure.jpg
Big Bass Floats my Boat,pragmatic-play-big-bass-floats-my-boat,pragmatic-play-big-bass-floats-my-boat.jpg
Pompeii Megareels Megaways,pragmatic-play-pompeii-megareels-megaways,pragmatic-play-pompeii-megareels-megaways.jpg
Strawberry Cocktail,pragmatic-play-strawberry-cocktail,pragmatic-play-strawberry-cocktail.jpg
Mighty Munching Melons,pragmatic-play-mighty-munching-melons,pragmatic-play-mighty-munching-melons.jpg
Wheel O'Gold,pragmatic-play-wheel-o-gold,pragmatic-play-wheel-o-gold.jpg
Gates of Olympus Dice,pragmatic-play-gates-of-olympus-dice,pragmatic-play-gates-of-olympus-dice.jpg
Gears of Horus,pragmatic-play-gears-of-horus,pragmatic-play-gears-of-horus.jpg
Big Bass Day at the Races,pragmatic-play-big-bass-day-at-the-races,pragmatic-play-big-bass-day-at-the-races.jpg
Beware The Deep Megaways,pragmatic-play-beware-the-deep-megaways,pragmatic-play-beware-the-deep-megaways.jpg
Pot of Fortune,pragmatic-play-pot-of-fortune,pragmatic-play-pot-of-fortune.jpg
Sugar Supreme Powernudge,pragmatic-play-sugar-supreme-powernudge,pragmatic-play-sugar-supreme-powernudge.jpg
Big Burger Load it up with Xtra Cheese,pragmatic-play-big-burger-load-it-up-with-xtra-cheese,pragmatic-play-big-burger-load-it-up-with-xtra-cheese.jpg
Ripe Rewards,pragmatic-play-ripe-rewards,pragmatic-play-ripe-rewards.jpg
Aztec Powernudge,pragmatic-play-aztec-powernudge,pragmatic-play-aztec-powernudge.jpg
Big Bass Secrets of the Golden Lake,pragmatic-play-big-bass-secrets-of-the-golden-lake,pragmatic-play-big-bass-secrets-of-the-golden-lake.jpg
Ice Lobster,pragmatic-play-ice-lobster,pragmatic-play-ice-lobster.jpg
O Vira-lata Caramelo,pragmatic-play-o-vira-lata-caramelo,pragmatic-play-o-vira-lata-caramelo.jpg
Jeitinho Brasileiro,pragmatic-play-jeitinho-brasileiro,pragmatic-play-jeitinho-brasileiro.jpg
Saray Ruyasi,pragmatic-play-saray-ruyasi,pragmatic-play-saray-ruyasi.jpg
Barnyard Megahays Megaways,pragmatic-play-barnyard-megahays-megaways,pragmatic-play-barnyard-megahays-megaways.jpg
Lobster Bob's Sea Food and Win It,pragmatic-play-lobster-bobs-sea-food-and-win-it,pragmatic-play-lobster-bobs-sea-food-and-win-it.jpg
Cyber Heist,pragmatic-play-cyber-heist,pragmatic-play-cyber-heist.jpg
Release the Bison,pragmatic-play-release-the-bison,pragmatic-play-release-the-bison.jpg
Candy Blitz Bombs,pragmatic-play-candy-blitz-bombs,pragmatic-play-candy-blitz-bombs.jpg
Train to Seoul,pragmatic-play-train-to-seoul,pragmatic-play-train-to-seoul.jpg
Fruity Treats,pragmatic-play-fruity-treats,pragmatic-play-fruity-treats.jpg
Heart of Cleopatra,pragmatic-play-heart-of-cleopatra,pragmatic-play-heart-of-cleopatra.jpg
Odds On Winner,pragmatic-play-odds-on-winner,pragmatic-play-odds-on-winner.jpg
Dwarf & Dragon,pragmatic-play-dwarf-dragon,pragmatic-play-dwarf-dragon.jpg
Rise of Pyramids,pragmatic-play-rise-of-pyramids,pragmatic-play-rise-of-pyramids.jpg
Revenge of Loki Megaways,pragmatic-play-revenge-of-loki-megaways,pragmatic-play-revenge-of-loki-megaways.jpg
Joker's Jewels Wild,pragmatic-play-jokers-jewels-wild,pragmatic-play-jokers-jewels-wild.jpg
Starlight Princess Pachi,pragmatic-play-starlight-princess-pachi,pragmatic-play-starlight-princess-pachi.jpg
Heroic Spins,pragmatic-play-heroic-spins,pragmatic-play-heroic-spins.jpg
The Conqueror,pragmatic-play-the-conqueror,pragmatic-play-the-conqueror.jpg
Big Bass Bonanza - Reel Action,pragmatic-play-big-bass-bonanza-reel-action,pragmatic-play-big-bass-bonanza-reel-action.jpg
Casino Heist Megaways,pragmatic-play-casino-heist-megaways,pragmatic-play-casino-heist-megaways.jpg
Mahjong X,pragmatic-play-mahjong-x,pragmatic-play-mahjong-x.jpg
Wildies,pragmatic-play-wildies,pragmatic-play-wildies.jpg
Devilicious,pragmatic-play-devilicious,pragmatic-play-devilicious.jpg
Medusa's Stone,pragmatic-play-medusas-stone,pragmatic-play-medusas-stone.jpg
Big Bass Mission Fishin',pragmatic-play-big-bass-mission-fishin,pragmatic-play-big-bass-mission-fishin.jpg
Rise of Samurai 4,pragmatic-play-rise-of-samurai-4,pragmatic-play-rise-of-samurai-4.jpg
Buffalo King Untamed Megaways,pragmatic-play-buffalo-king-untamed-megaways,pragmatic-play-buffalo-king-untamed-megaways.jpg
Hot To Burn Multiplier,pragmatic-play-hot-to-burn-multiplier,pragmatic-play-hot-to-burn-multiplier.jpg
Hand of Midas 2,pragmatic-play-hand-of-midas-2,pragmatic-play-hand-of-midas-2.jpg
Sweet Kingdom,pragmatic-play-sweet-kingdom,pragmatic-play-sweet-kingdom.jpg
Crank it Up,pragmatic-play-crank-it-up,pragmatic-play-crank-it-up.jpg
Mahjong Wins 2,pragmatic-play-mahjong-wins-2,pragmatic-play-mahjong-wins-2.jpg
Samurai Code,pragmatic-play-samurai-code,pragmatic-play-samurai-code.jpg
6 Jokers,pragmatic-play-6-jokers,pragmatic-play-6-jokers.jpg
Bow of Artemis,pragmatic-play-bow-of-artemis,pragmatic-play-bow-of-artemis.jpg
Sea Fantasy,pragmatic-play-sea-fantasy,pragmatic-play-sea-fantasy.jpg
Dynamite Diggin Doug,pragmatic-play-dynamite-diggin-doug,pragmatic-play-dynamite-diggin-doug.jpg
Jackpot Hunter,pragmatic-play-jackpot-hunter,pragmatic-play-jackpot-hunter.jpg
Money Stacks,pragmatic-play-money-stacks,pragmatic-play-money-stacks.jpg
Bali Dragon,pragmatic-play-bali-dragon,pragmatic-play-bali-dragon.jpg
Dragon Gold 88,pragmatic-play-dragon-gold-88,pragmatic-play-dragon-gold-88.jpg
Sugar Rush Dice,pragmatic-play-sugar-rush-dice,pragmatic-play-sugar-rush-dice.jpg
Running Sushi,pragmatic-play-running-sushi,pragmatic-play-running-sushi.jpg
Yeti Quest,pragmatic-play-yeti-quest,pragmatic-play-yeti-quest.jpg
Hot to Burn 7 Deadly Free Spins,pragmatic-play-hot-to-burn-7-deadly-free-spins,pragmatic-play-hot-to-burn-7-deadly-free-spins.jpg
Sumo Supreme Megaways,pragmatic-play-sumo-supreme-megaways,pragmatic-play-sumo-supreme-megaways.jpg
Aztec Treasure Hunt,pragmatic-play-aztec-treasure-hunt,pragmatic-play-aztec-treasure-hunt.jpg
Forging Wilds,pragmatic-play-forging-wilds,pragmatic-play-forging-wilds.jpg
Gem Elevator,pragmatic-play-gem-elevator,pragmatic-play-gem-elevator.jpg
Mustang Gold Megaways,pragmatic-play-mustang-gold-megaways,pragmatic-play-mustang-gold-megaways.jpg
Gates of Gatot Kaca 1000,pragmatic-play-gates-of-gatot-kaca-1000,pragmatic-play-gates-of-gatot-kaca-1000.jpg
Angel vs Sinner,pragmatic-play-angel-vs-sinner,pragmatic-play-angel-vs-sinner.jpg
Mystery Mice,pragmatic-play-mystery-mice,pragmatic-play-mystery-mice.jpg
Big Bass Vegas Double Down Deluxe,pragmatic-play-big-bass-vegas-double-down-deluxe,pragmatic-play-big-bass-vegas-double-down-deluxe.jpg
Joker's Jewels Hot,pragmatic-play-jokers-jewels-hot,pragmatic-play-jokers-jewels-hot.jpg
The Dog House - Muttley Crew,pragmatic-play-the-dog-house-muttley-crew,pragmatic-play-the-dog-house-muttley-crew.jpg
Congo Cash XL,pragmatic-play-congo-cash-xl,pragmatic-play-congo-cash-xl.jpg
Oodles of Noodles,pragmatic-play-oodles-of-noodles,pragmatic-play-oodles-of-noodles.jpg
Badge Blitz,pragmatic-play-badge-blitz,pragmatic-play-badge-blitz.jpg
Big Bass BOOM Enhanced RTP,pragmatic-play-big-bass-boom,pragmatic-play-big-bass-boom.jpg
Wisdom of Athena 1000,pragmatic-play-wisdom-of-athena-1000,pragmatic-play-wisdom-of-athena-1000.jpg
Tigre Sortudo,pragmatic-play-tigre-sortudo,pragmatic-play-tigre-sortudo.jpg
Fortune Hit'n Roll,pragmatic-play-fortune-hit-n-roll,pragmatic-play-fortune-hit-n-roll.jpg
Chests of Cai Shen,pragmatic-play-chests-of-cai-shen,pragmatic-play-chests-of-cai-shen.jpg
Thunder vs Underworld Enhanced RTP,pragmatic-play-thunder-vs-underworld,pragmatic-play-thunder-vs-underworld.jpg
Release the Kraken Megaways,pragmatic-play-release-the-kraken-megaways,pragmatic-play-release-the-kraken-megaways.jpg
Vampy Party,pragmatic-play-vampy-party,pragmatic-play-vampy-party.jpg
Big Bass Halloween 2,pragmatic-play-big-bass-halloween-2,pragmatic-play-big-bass-halloween-2.jpg
888 Gold,pragmatic-play-888-gold,pragmatic-play-888-gold.jpg
Merlin's Madness Megaways Enhanced RTP,pragmatic-play-merlins-madness-megaways,pragmatic-play-merlins-madness-megaways.jpg
7 Clovers of Fortune,pragmatic-play-7-clovers-of-fortune,pragmatic-play-7-clovers-of-fortune.jpg
Fangtastic Freespins,pragmatic-play-fangtastic-freespins,pragmatic-play-fangtastic-freespins.jpg
Candy Corner,pragmatic-play-candy-corner,pragmatic-play-candy-corner.jpg
Moleionaire,pragmatic-play-moleionaire,pragmatic-play-moleionaire.jpg
Happy Fortune,pragmatic-play-happy-fortune,pragmatic-play-happy-fortune.jpg
Wukong Rush,pragmatic-play-wukong-rush,pragmatic-play-wukong-rush.jpg
Candy Blitz BOOM Enhanced RTP,pragmatic-play-candy-blitz-boom,pragmatic-play-candy-blitz-boom.jpg
Wolf Gold Ultimate,pragmatic-play-wolf-gold-ultimate,pragmatic-play-wolf-gold-ultimate.jpg
Himalayan Wild,pragmatic-play-himalayan-wild,pragmatic-play-himalayan-wild.jpg
Eternal Empress - Freeze Time,pragmatic-play-eternal-empress-freeze-time,pragmatic-play-eternal-empress-freeze-time.jpg
Big Bass Xmas Xtreme,pragmatic-play-big-bass-xmas-xtreme,pragmatic-play-big-bass-xmas-xtreme.jpg
The Dog House - No Dog Left Behind Enhanced RTP,pragmatic-play-the-dog-house-no-dog-left-behind,pragmatic-play-the-dog-house-no-dog-left-behind.jpg
Might of Freya Megaways,pragmatic-play-might-of-freya-megaways,pragmatic-play-might-of-freya-megaways.jpg
Penguins Christmas Party Time,pragmatic-play-penguins-christmas-party-time,pragmatic-play-penguins-christmas-party-time.jpg
Santa's Xmas Rush,pragmatic-play-santas-xmas-rush,pragmatic-play-santas-xmas-rush.jpg
Tiny Toads,pragmatic-play-tiny-toads,pragmatic-play-tiny-toads.jpg
Dragon King Hot Pots,pragmatic-play-dragon-king-hot-pots,pragmatic-play-dragon-king-hot-pots.jpg
Mining Rush,pragmatic-play-mining-rush,pragmatic-play-mining-rush.jpg
Big Bass Bonanza 3 Reeler,pragmatic-play-big-bass-bonanza-3-reeler,pragmatic-play-big-bass-bonanza-3-reeler.jpg
Money Stacks Megaways,pragmatic-play-money-stacks-megaways,pragmatic-play-money-stacks-megaways.jpg
Aztec Smash,pragmatic-play-aztec-smash,pragmatic-play-aztec-smash.jpg
Irish Crown,pragmatic-play-irish-crown,pragmatic-play-irish-crown.jpg
Floating Dragon - Year of the Snake,pragmatic-play-floating-dragon-year-of-the-snake,pragmatic-play-floating-dragon-year-of-the-snake.jpg
Fonzo's Feline Fortunes,pragmatic-play-fonzos-feline-fortunes,pragmatic-play-fonzos-feline-fortunes.jpg
Aztec Gems Megaways,pragmatic-play-aztec-gems-megaways,pragmatic-play-aztec-gems-megaways.jpg
Wild Wild Pearls,pragmatic-play-wild-wild-pearls,pragmatic-play-wild-wild-pearls.jpg
Brick House Bonanza,pragmatic-play-brick-house-bonanza,pragmatic-play-brick-house-bonanza.jpg
Wild Wildebeest Wins,pragmatic-play-wild-wildebeest-wins,pragmatic-play-wild-wildebeest-wins.jpg
Gates of Olympus Pachi,pragmatic-play-gates-of-olympus-pachi,pragmatic-play-gates-of-olympus-pachi.jpg
Ratinho Sortudo,pragmatic-play-ratinho-sortudo,pragmatic-play-ratinho-sortudo.jpg
Sweet Baklava,pragmatic-play-sweet-baklava,pragmatic-play-sweet-baklava.jpg
Mahjong Wins - Gong Xi Fa Cai,pragmatic-play-mahjong-wins-gong-xi-fa-cai,pragmatic-play-mahjong-wins-gong-xi-fa-cai.jpg
